No,Product,Source_Page,Status,Note
1,Cork Diary As Fab India Combo 30,54,available,combo page
2,Cork Metal Pen Combo 30,54,available,combo page
3,Ecodesk Diary As Combo 10,58,available,combo page
4,Card Stacker Combo 10,58,available,combo page
5,Key Chain Combo 10,58,available,combo page
6,Cork Metal Pen Combo 10,58,available,combo page
7,Cork Canvas Sleeve Combo 10,58,available,combo page
8,Ocean Mist Bag Combo 18,56,available,combo page
9,Passport Holder Ocean Mist Combo 18,56,available,combo page
10,Cork Bottle Ocean Mist Combo 18,56,available,combo page
11,Jet Case Brown Bag Combo 19,56,available,combo page
12,Cork Bottle Granco Combo 19,56,available,combo page
13,Passport Holder Granco Combo 19,56,available,combo page
14,Ecodesk Diary As Combo 36,55,available,combo page
15,Small Calculator Combo 36,55,available,combo page
16,Pen Holder Combo 36,55,available,combo page
17,Mouse Pad Super Fine Grain Combo 36,55,available,combo page
18,Cork Metal Pen Combo 36,55,available,combo page
19,Natural Tray 9x9 inch Combo 46,52,available,combo page
20,Box UV Printed Coaster Combo 46,52,available,combo page
21,Box Print Table Top Test Tube Holder Combo 46,52,available,combo page
22,Cork Tea Light Holder Assorted Combo 46,52,available,combo page
23,Round Linear Planter,4,available,visual match
24,Chocochip Square Planter,48,available,catalog crop
25,Natural Bark Planter,5,available,visual match
26,Cork Belly Planter,40,available,visual match
27,Rectangular Test Tube Planter,10,available,visual match
28,Box Print Table Top TT Planter,48,available,catalog crop
29,Feather Printed Tabletop TT Planter,48,available,catalog crop
30,Multi Printed Tabletop TT Planter,48,available,catalog crop
31,Cork Conical Flask Planter,60,available,combo/catalog page reference
32,Wall Frame Test Tube Planter,13,uncertain,page 13 is closest test-tube image; exact wall-frame view not confirmed
33,Diamond Square Planter,48,available,catalog crop
34,Chocochip Square Planter,48,available,catalog crop
35,Cork Belly Coaster Set,49,available,catalog crop
36,Leaf Shape Coaster Set,49,available,catalog crop
37,Box UV Printed Coaster Set,49,available,catalog crop
38,Cork Fine Natural Trivet Set,50,uncertain,not explicitly labeled on catalog page 50
39,Chocochip Trivet Set,50,uncertain,not explicitly labeled on catalog page 50
40,Red Assiago Trivet Set,50,uncertain,not explicitly labeled on catalog page 50
41,Striped Trivet Set,34,available,visual match
42,Web Printed Trivet,50,available,catalog crop
43,Smoky Black Small Round Tray,,missing,no matching image found
44,Cork Tablemat Chocochip 18 inch,46,available,catalog crop
45,Cork Tablemat Red Assiago 18 inch,46,available,catalog crop
46,Cork Tablemat Abstract 18 inch,47,available,catalog crop
47,Cork Tablemat Oval Red Assiago,47,available,catalog crop
48,Chocochip Napkin Ring,,missing,no matching image found
49,Round Napkin Ring,,missing,no matching image found
50,Fine Grain Napkin Ring,,missing,no matching image found
