product_name,product_slug,image_order,filename,relative_path,recommended_web_path
Striped Trivet — Set,striped-trivet-set,1,striped-trivet-set-01.jpg,striped-trivet-set/striped-trivet-set-01.jpg,/images/products/striped-trivet-set/striped-trivet-set-01.jpg
Striped Trivet — Set,striped-trivet-set,2,striped-trivet-set-02.jpg,striped-trivet-set/striped-trivet-set-02.jpg,/images/products/striped-trivet-set/striped-trivet-set-02.jpg
Striped Trivet — Set,striped-trivet-set,3,striped-trivet-set-03.jpg,striped-trivet-set/striped-trivet-set-03.jpg,/images/products/striped-trivet-set/striped-trivet-set-03.jpg
Red Assiago Trivet — Set,red-assiago-trivet-set,1,red-assiago-trivet-set-01.jpg,red-assiago-trivet-set/red-assiago-trivet-set-01.jpg,/images/products/red-assiago-trivet-set/red-assiago-trivet-set-01.jpg
Red Assiago Trivet — Set,red-assiago-trivet-set,2,red-assiago-trivet-set-02.jpg,red-assiago-trivet-set/red-assiago-trivet-set-02.jpg,/images/products/red-assiago-trivet-set/red-assiago-trivet-set-02.jpg
Red Assiago Trivet — Set,red-assiago-trivet-set,3,red-assiago-trivet-set-03.jpg,red-assiago-trivet-set/red-assiago-trivet-set-03.jpg,/images/products/red-assiago-trivet-set/red-assiago-trivet-set-03.jpg
ChocoChip Trivet — Set,chocochip-trivet-set,1,chocochip-trivet-set-01.jpg,chocochip-trivet-set/chocochip-trivet-set-01.jpg,/images/products/chocochip-trivet-set/chocochip-trivet-set-01.jpg
Cork Fine Natural Trivet — Set,cork-fine-natural-trivet-set,1,cork-fine-natural-trivet-set-01.jpg,cork-fine-natural-trivet-set/cork-fine-natural-trivet-set-01.jpg,/images/products/cork-fine-natural-trivet-set/cork-fine-natural-trivet-set-01.jpg
Cork Fine Natural Trivet — Set,cork-fine-natural-trivet-set,2,cork-fine-natural-trivet-set-02.jpg,cork-fine-natural-trivet-set/cork-fine-natural-trivet-set-02.jpg,/images/products/cork-fine-natural-trivet-set/cork-fine-natural-trivet-set-02.jpg
Cork Fine Natural Trivet — Set,cork-fine-natural-trivet-set,3,cork-fine-natural-trivet-set-03.jpg,cork-fine-natural-trivet-set/cork-fine-natural-trivet-set-03.jpg,/images/products/cork-fine-natural-trivet-set/cork-fine-natural-trivet-set-03.jpg
